ITEM_CODE,MATCH_STATUS,SOURCE_NAMES,SOURCE_KINDS,MATCHED_SOURCE_COUNT,FALLBACK_USED,CONFIDENCE
105-06845,matched,ITEM_CODE;DESCRIPTION;CATEGORY;USED_FOR_PRICING;LETTING_DATE;CONTRACTOR;UNIT_PRICE;QUANTITY;DISTRICT;REGION;COUNTY;PROJECT_ID;CONTRACT_ID;WEIGHT;JOB_SIZE,ITEM_CODE;DESCRIPTION;CATEGORY;USED_FOR_PRICING;LETTING_DATE;CONTRACTOR;UNIT_PRICE;QUANTITY;DISTRICT;REGION;COUNTY;PROJECT_ID;CONTRACT_ID;WEIGHT;JOB_SIZE,3,True,0.03483701842411114
110-01001,matched,ITEM_CODE;DESCRIPTION;CATEGORY;USED_FOR_PRICING;LETTING_DATE;CONTRACTOR;UNIT_PRICE;QUANTITY;DISTRICT;REGION;COUNTY;PROJECT_ID;CONTRACT_ID;WEIGHT;JOB_SIZE,ITEM_CODE;DESCRIPTION;CATEGORY;USED_FOR_PRICING;LETTING_DATE;CONTRACTOR;UNIT_PRICE;QUANTITY;DISTRICT;REGION;COUNTY;PROJECT_ID;CONTRACT_ID;WEIGHT;JOB_SIZE,3,True,0.03483399272164968
201-52370,matched,ITEM_CODE;DESCRIPTION;QUANTITY;UNIT;UNIT_PRICE;LETTING_DATE;BIDDER;PROJECTID;JOB_SIZE;JOB_DESC;COUNTY;REGION;POS;EXTENSION;BIDDER2NAME;BIDDER3NAME;BIDDER2TOTAL;BIDDER3TOTAL;JOBFEDERALID;STATEID;GEOM_SHAPE;GEOM_AREA_SQFT;GEOM_DIMENSIONS;_LET_DT;CATEGORY;USED_FOR_PRICING,ITEM_CODE;DESCRIPTION;QUANTITY;UNIT;UNIT_PRICE;LETTING_DATE;BIDDER;PROJECTID;JOB_SIZE;JOB_DESC;COUNTY;REGION;POS;EXTENSION;BIDDER2NAME;BIDDER3NAME;BIDDER2TOTAL;BIDDER3TOTAL;JOBFEDERALID;STATEID;GEOM_SHAPE;GEOM_AREA_SQFT;GEOM_DIMENSIONS;_LET_DT;CATEGORY;USED_FOR_PRICING,1387,True,0.3148610086588892
203-02000,matched,ITEM_CODE;DESCRIPTION;QUANTITY;UNIT;UNIT_PRICE;LETTING_DATE;BIDDER;PROJECTID;JOB_SIZE;JOB_DESC;COUNTY;REGION;POS;EXTENSION;BIDDER2NAME;BIDDER3NAME;BIDDER2TOTAL;BIDDER3TOTAL;JOBFEDERALID;STATEID;GEOM_SHAPE;GEOM_AREA_SQFT;GEOM_DIMENSIONS;_LET_DT;CATEGORY;USED_FOR_PRICING,ITEM_CODE;DESCRIPTION;QUANTITY;UNIT;UNIT_PRICE;LETTING_DATE;BIDDER;PROJECTID;JOB_SIZE;JOB_DESC;COUNTY;REGION;POS;EXTENSION;BIDDER2NAME;BIDDER3NAME;BIDDER2TOTAL;BIDDER3TOTAL;JOBFEDERALID;STATEID;GEOM_SHAPE;GEOM_AREA_SQFT;GEOM_DIMENSIONS;_LET_DT;CATEGORY;USED_FOR_PRICING,577,True,0.31644708340888394
203-02070,matched,ITEM_CODE;DESCRIPTION;QUANTITY;UNIT;UNIT_PRICE;LETTING_DATE;BIDDER;PROJECTID;JOB_SIZE;JOB_DESC;COUNTY;REGION;POS;EXTENSION;BIDDER2NAME;BIDDER3NAME;BIDDER2TOTAL;BIDDER3TOTAL;JOBFEDERALID;STATEID;GEOM_SHAPE;GEOM_AREA_SQFT;GEOM_DIMENSIONS;_LET_DT;CATEGORY;USED_FOR_PRICING,ITEM_CODE;DESCRIPTION;QUANTITY;UNIT;UNIT_PRICE;LETTING_DATE;BIDDER;PROJECTID;JOB_SIZE;JOB_DESC;COUNTY;REGION;POS;EXTENSION;BIDDER2NAME;BIDDER3NAME;BIDDER2TOTAL;BIDDER3TOTAL;JOBFEDERALID;STATEID;GEOM_SHAPE;GEOM_AREA_SQFT;GEOM_DIMENSIONS;_LET_DT;CATEGORY;USED_FOR_PRICING,770,True,0.31638089677579573
205-11626,matched,ITEM_CODE;DESCRIPTION;QUANTITY;UNIT;UNIT_PRICE;LETTING_DATE;BIDDER;PROJECTID;JOB_SIZE;JOB_DESC;COUNTY;REGION;POS;EXTENSION;BIDDER2NAME;BIDDER3NAME;BIDDER2TOTAL;BIDDER3TOTAL;JOBFEDERALID;STATEID;GEOM_SHAPE;GEOM_AREA_SQFT;GEOM_DIMENSIONS;_LET_DT;CATEGORY;USED_FOR_PRICING,ITEM_CODE;DESCRIPTION;QUANTITY;UNIT;UNIT_PRICE;LETTING_DATE;BIDDER;PROJECTID;JOB_SIZE;JOB_DESC;COUNTY;REGION;POS;EXTENSION;BIDDER2NAME;BIDDER3NAME;BIDDER2TOTAL;BIDDER3TOTAL;JOBFEDERALID;STATEID;GEOM_SHAPE;GEOM_AREA_SQFT;GEOM_DIMENSIONS;_LET_DT;CATEGORY;USED_FOR_PRICING,670,True,0.31597299966682113
205-12108,matched,ITEM_CODE;DESCRIPTION;QUANTITY;UNIT;UNIT_PRICE;LETTING_DATE;BIDDER;PROJECTID;JOB_SIZE;JOB_DESC;COUNTY;REGION;POS;EXTENSION;BIDDER2NAME;BIDDER3NAME;BIDDER2TOTAL;BIDDER3TOTAL;JOBFEDERALID;STATEID;GEOM_SHAPE;GEOM_AREA_SQFT;GEOM_DIMENSIONS;_LET_DT;CATEGORY;USED_FOR_PRICING,ITEM_CODE;DESCRIPTION;QUANTITY;UNIT;UNIT_PRICE;LETTING_DATE;BIDDER;PROJECTID;JOB_SIZE;JOB_DESC;COUNTY;REGION;POS;EXTENSION;BIDDER2NAME;BIDDER3NAME;BIDDER2TOTAL;BIDDER3TOTAL;JOBFEDERALID;STATEID;GEOM_SHAPE;GEOM_AREA_SQFT;GEOM_DIMENSIONS;_LET_DT;CATEGORY;USED_FOR_PRICING,730,True,0.31540670539050425
205-12616,matched,ITEM_CODE;DESCRIPTION;QUANTITY;UNIT;UNIT_PRICE;LETTING_DATE;BIDDER;PROJECTID;JOB_SIZE;JOB_DESC;COUNTY;REGION;POS;EXTENSION;BIDDER2NAME;BIDDER3NAME;BIDDER2TOTAL;BIDDER3TOTAL;JOBFEDERALID;STATEID;GEOM_SHAPE;GEOM_AREA_SQFT;GEOM_DIMENSIONS;_LET_DT;CATEGORY;USED_FOR_PRICING,ITEM_CODE;DESCRIPTION;QUANTITY;UNIT;UNIT_PRICE;LETTING_DATE;BIDDER;PROJECTID;JOB_SIZE;JOB_DESC;COUNTY;REGION;POS;EXTENSION;BIDDER2NAME;BIDDER3NAME;BIDDER2TOTAL;BIDDER3TOTAL;JOBFEDERALID;STATEID;GEOM_SHAPE;GEOM_AREA_SQFT;GEOM_DIMENSIONS;_LET_DT;CATEGORY;USED_FOR_PRICING,1411,True,0.31476289248862277
207-08264,matched,ITEM_CODE;DESCRIPTION;QUANTITY;UNIT;UNIT_PRICE;LETTING_DATE;BIDDER;PROJECTID;JOB_SIZE;JOB_DESC;COUNTY;REGION;POS;EXTENSION;BIDDER2NAME;BIDDER3NAME;BIDDER2TOTAL;BIDDER3TOTAL;JOBFEDERALID;STATEID;GEOM_SHAPE;GEOM_AREA_SQFT;GEOM_DIMENSIONS;_LET_DT;CATEGORY;USED_FOR_PRICING,ITEM_CODE;DESCRIPTION;QUANTITY;UNIT;UNIT_PRICE;LETTING_DATE;BIDDER;PROJECTID;JOB_SIZE;JOB_DESC;COUNTY;REGION;POS;EXTENSION;BIDDER2NAME;BIDDER3NAME;BIDDER2TOTAL;BIDDER3TOTAL;JOBFEDERALID;STATEID;GEOM_SHAPE;GEOM_AREA_SQFT;GEOM_DIMENSIONS;_LET_DT;CATEGORY;USED_FOR_PRICING,1012,True,0.3129196669642834
207-09935,matched,ITEM_CODE;DESCRIPTION;QUANTITY;UNIT;UNIT_PRICE;LETTING_DATE;BIDDER;PROJECTID;JOB_SIZE;JOB_DESC;COUNTY;REGION;POS;EXTENSION;BIDDER2NAME;BIDDER3NAME;BIDDER2TOTAL;BIDDER3TOTAL;JOBFEDERALID;STATEID;GEOM_SHAPE;GEOM_AREA_SQFT;GEOM_DIMENSIONS;_LET_DT;CATEGORY;USED_FOR_PRICING,ITEM_CODE;DESCRIPTION;QUANTITY;UNIT;UNIT_PRICE;LETTING_DATE;BIDDER;PROJECTID;JOB_SIZE;JOB_DESC;COUNTY;REGION;POS;EXTENSION;BIDDER2NAME;BIDDER3NAME;BIDDER2TOTAL;BIDDER3TOTAL;JOBFEDERALID;STATEID;GEOM_SHAPE;GEOM_AREA_SQFT;GEOM_DIMENSIONS;_LET_DT;CATEGORY;USED_FOR_PRICING,1251,True,0.31347527068821074
211-09265,matched,ITEM_CODE;DESCRIPTION;QUANTITY;UNIT;UNIT_PRICE;LETTING_DATE;BIDDER;PROJECTID;JOB_SIZE;JOB_DESC;COUNTY;REGION;POS;EXTENSION;BIDDER2NAME;BIDDER3NAME;BIDDER2TOTAL;BIDDER3TOTAL;JOBFEDERALID;STATEID;GEOM_SHAPE;GEOM_AREA_SQFT;GEOM_DIMENSIONS;_LET_DT;CATEGORY;USED_FOR_PRICING,ITEM_CODE;DESCRIPTION;QUANTITY;UNIT;UNIT_PRICE;LETTING_DATE;BIDDER;PROJECTID;JOB_SIZE;JOB_DESC;COUNTY;REGION;POS;EXTENSION;BIDDER2NAME;BIDDER3NAME;BIDDER2TOTAL;BIDDER3TOTAL;JOBFEDERALID;STATEID;GEOM_SHAPE;GEOM_AREA_SQFT;GEOM_DIMENSIONS;_LET_DT;CATEGORY;USED_FOR_PRICING,731,True,0.3131884278396508
211-09268,matched,ITEM_CODE;DESCRIPTION;QUANTITY;UNIT;UNIT_PRICE;LETTING_DATE;BIDDER;PROJECTID;JOB_SIZE;JOB_DESC;COUNTY;REGION;POS;EXTENSION;BIDDER2NAME;BIDDER3NAME;BIDDER2TOTAL;BIDDER3TOTAL;JOBFEDERALID;STATEID;GEOM_SHAPE;GEOM_AREA_SQFT;GEOM_DIMENSIONS;_LET_DT;CATEGORY;USED_FOR_PRICING,ITEM_CODE;DESCRIPTION;QUANTITY;UNIT;UNIT_PRICE;LETTING_DATE;BIDDER;PROJECTID;JOB_SIZE;JOB_DESC;COUNTY;REGION;POS;EXTENSION;BIDDER2NAME;BIDDER3NAME;BIDDER2TOTAL;BIDDER3TOTAL;JOBFEDERALID;STATEID;GEOM_SHAPE;GEOM_AREA_SQFT;GEOM_DIMENSIONS;_LET_DT;CATEGORY;USED_FOR_PRICING,572,True,0.3175919916312868
214-12239,matched,ITEM_CODE;DESCRIPTION;QUANTITY;UNIT;UNIT_PRICE;LETTING_DATE;BIDDER;PROJECTID;JOB_SIZE;JOB_DESC;COUNTY;REGION;POS;EXTENSION;BIDDER2NAME;BIDDER3NAME;BIDDER2TOTAL;BIDDER3TOTAL;JOBFEDERALID;STATEID;GEOM_SHAPE;GEOM_AREA_SQFT;GEOM_DIMENSIONS;_LET_DT;CATEGORY;USED_FOR_PRICING,ITEM_CODE;DESCRIPTION;QUANTITY;UNIT;UNIT_PRICE;LETTING_DATE;BIDDER;PROJECTID;JOB_SIZE;JOB_DESC;COUNTY;REGION;POS;EXTENSION;BIDDER2NAME;BIDDER3NAME;BIDDER2TOTAL;BIDDER3TOTAL;JOBFEDERALID;STATEID;GEOM_SHAPE;GEOM_AREA_SQFT;GEOM_DIMENSIONS;_LET_DT;CATEGORY;USED_FOR_PRICING,676,True,0.3126029274276998
301-12233,matched,ITEM_CODE;DESCRIPTION;QUANTITY;UNIT;UNIT_PRICE;LETTING_DATE;BIDDER;PROJECTID;JOB_SIZE;JOB_DESC;COUNTY;REGION;POS;EXTENSION;BIDDER2NAME;BIDDER3NAME;BIDDER2TOTAL;BIDDER3TOTAL;JOBFEDERALID;STATEID;GEOM_SHAPE;GEOM_AREA_SQFT;GEOM_DIMENSIONS;_LET_DT;CATEGORY;USED_FOR_PRICING,ITEM_CODE;DESCRIPTION;QUANTITY;UNIT;UNIT_PRICE;LETTING_DATE;BIDDER;PROJECTID;JOB_SIZE;JOB_DESC;COUNTY;REGION;POS;EXTENSION;BIDDER2NAME;BIDDER3NAME;BIDDER2TOTAL;BIDDER3TOTAL;JOBFEDERALID;STATEID;GEOM_SHAPE;GEOM_AREA_SQFT;GEOM_DIMENSIONS;_LET_DT;CATEGORY;USED_FOR_PRICING,899,True,0.31575674853694885
301-12234,matched,ITEM_CODE;DESCRIPTION;QUANTITY;UNIT;UNIT_PRICE;LETTING_DATE;BIDDER;PROJECTID;JOB_SIZE;JOB_DESC;COUNTY;REGION;POS;EXTENSION;BIDDER2NAME;BIDDER3NAME;BIDDER2TOTAL;BIDDER3TOTAL;JOBFEDERALID;STATEID;GEOM_SHAPE;GEOM_AREA_SQFT;GEOM_DIMENSIONS;_LET_DT;CATEGORY;USED_FOR_PRICING,ITEM_CODE;DESCRIPTION;QUANTITY;UNIT;UNIT_PRICE;LETTING_DATE;BIDDER;PROJECTID;JOB_SIZE;JOB_DESC;COUNTY;REGION;POS;EXTENSION;BIDDER2NAME;BIDDER3NAME;BIDDER2TOTAL;BIDDER3TOTAL;JOBFEDERALID;STATEID;GEOM_SHAPE;GEOM_AREA_SQFT;GEOM_DIMENSIONS;_LET_DT;CATEGORY;USED_FOR_PRICING,1195,True,0.3145207945369644
303-01180,matched,ITEM_CODE;DESCRIPTION;QUANTITY;UNIT;UNIT_PRICE;LETTING_DATE;BIDDER;PROJECTID;JOB_SIZE;JOB_DESC;COUNTY;REGION;POS;EXTENSION;BIDDER2NAME;BIDDER3NAME;BIDDER2TOTAL;BIDDER3TOTAL;JOBFEDERALID;STATEID;GEOM_SHAPE;GEOM_AREA_SQFT;GEOM_DIMENSIONS;_LET_DT;CATEGORY;USED_FOR_PRICING,ITEM_CODE;DESCRIPTION;QUANTITY;UNIT;UNIT_PRICE;LETTING_DATE;BIDDER;PROJECTID;JOB_SIZE;JOB_DESC;COUNTY;REGION;POS;EXTENSION;BIDDER2NAME;BIDDER3NAME;BIDDER2TOTAL;BIDDER3TOTAL;JOBFEDERALID;STATEID;GEOM_SHAPE;GEOM_AREA_SQFT;GEOM_DIMENSIONS;_LET_DT;CATEGORY;USED_FOR_PRICING,788,True,0.3114528507258112
303-08210,matched,ITEM_CODE;DESCRIPTION;QUANTITY;UNIT;UNIT_PRICE;LETTING_DATE;BIDDER;PROJECTID;JOB_SIZE;JOB_DESC;COUNTY;REGION;POS;EXTENSION;BIDDER2NAME;BIDDER3NAME;BIDDER2TOTAL;BIDDER3TOTAL;JOBFEDERALID;STATEID;GEOM_SHAPE;GEOM_AREA_SQFT;GEOM_DIMENSIONS;_LET_DT;CATEGORY;USED_FOR_PRICING,ITEM_CODE;DESCRIPTION;QUANTITY;UNIT;UNIT_PRICE;LETTING_DATE;BIDDER;PROJECTID;JOB_SIZE;JOB_DESC;COUNTY;REGION;POS;EXTENSION;BIDDER2NAME;BIDDER3NAME;BIDDER2TOTAL;BIDDER3TOTAL;JOBFEDERALID;STATEID;GEOM_SHAPE;GEOM_AREA_SQFT;GEOM_DIMENSIONS;_LET_DT;CATEGORY;USED_FOR_PRICING,60,True,0.2656465882271266
306-08034,matched,ITEM_CODE;DESCRIPTION;QUANTITY;UNIT;UNIT_PRICE;LETTING_DATE;BIDDER;PROJECTID;JOB_SIZE;JOB_DESC;COUNTY;REGION;POS;EXTENSION;BIDDER2NAME;BIDDER3NAME;BIDDER2TOTAL;BIDDER3TOTAL;JOBFEDERALID;STATEID;GEOM_SHAPE;GEOM_AREA_SQFT;GEOM_DIMENSIONS;_LET_DT;CATEGORY;USED_FOR_PRICING,ITEM_CODE;DESCRIPTION;QUANTITY;UNIT;UNIT_PRICE;LETTING_DATE;BIDDER;PROJECTID;JOB_SIZE;JOB_DESC;COUNTY;REGION;POS;EXTENSION;BIDDER2NAME;BIDDER3NAME;BIDDER2TOTAL;BIDDER3TOTAL;JOBFEDERALID;STATEID;GEOM_SHAPE;GEOM_AREA_SQFT;GEOM_DIMENSIONS;_LET_DT;CATEGORY;USED_FOR_PRICING,599,True,0.31659184510671695
306-08432,matched,ITEM_CODE;DESCRIPTION;QUANTITY;UNIT;UNIT_PRICE;LETTING_DATE;BIDDER;PROJECTID;JOB_SIZE;JOB_DESC;COUNTY;REGION;POS;EXTENSION;BIDDER2NAME;BIDDER3NAME;BIDDER2TOTAL;BIDDER3TOTAL;JOBFEDERALID;STATEID;GEOM_SHAPE;GEOM_AREA_SQFT;GEOM_DIMENSIONS;_LET_DT;CATEGORY;USED_FOR_PRICING,ITEM_CODE;DESCRIPTION;QUANTITY;UNIT;UNIT_PRICE;LETTING_DATE;BIDDER;PROJECTID;JOB_SIZE;JOB_DESC;COUNTY;REGION;POS;EXTENSION;BIDDER2NAME;BIDDER3NAME;BIDDER2TOTAL;BIDDER3TOTAL;JOBFEDERALID;STATEID;GEOM_SHAPE;GEOM_AREA_SQFT;GEOM_DIMENSIONS;_LET_DT;CATEGORY;USED_FOR_PRICING,578,True,0.31622239176383093
401-000002,matched,ITEM_CODE;DESCRIPTION;QUANTITY;UNIT;UNIT_PRICE;LETTING_DATE;BIDDER;PROJECTID;JOB_SIZE;JOB_DESC;COUNTY;REGION;POS;EXTENSION;BIDDER2NAME;BIDDER3NAME;BIDDER2TOTAL;BIDDER3TOTAL;JOBFEDERALID;STATEID;GEOM_SHAPE;GEOM_AREA_SQFT;GEOM_DIMENSIONS;_LET_DT;CATEGORY;USED_FOR_PRICING,ITEM_CODE;DESCRIPTION;QUANTITY;UNIT;UNIT_PRICE;LETTING_DATE;BIDDER;PROJECTID;JOB_SIZE;JOB_DESC;COUNTY;REGION;POS;EXTENSION;BIDDER2NAME;BIDDER3NAME;BIDDER2TOTAL;BIDDER3TOTAL;JOBFEDERALID;STATEID;GEOM_SHAPE;GEOM_AREA_SQFT;GEOM_DIMENSIONS;_LET_DT;CATEGORY;USED_FOR_PRICING,1077,True,0.31069113079164606
401-000038,matched,ITEM_CODE;DESCRIPTION;QUANTITY;UNIT;UNIT_PRICE;LETTING_DATE;BIDDER;PROJECTID;JOB_SIZE;JOB_DESC;COUNTY;REGION;POS;EXTENSION;BIDDER2NAME;BIDDER3NAME;BIDDER2TOTAL;BIDDER3TOTAL;JOBFEDERALID;STATEID;GEOM_SHAPE;GEOM_AREA_SQFT;GEOM_DIMENSIONS;_LET_DT;CATEGORY;USED_FOR_PRICING,ITEM_CODE;DESCRIPTION;QUANTITY;UNIT;UNIT_PRICE;LETTING_DATE;BIDDER;PROJECTID;JOB_SIZE;JOB_DESC;COUNTY;REGION;POS;EXTENSION;BIDDER2NAME;BIDDER3NAME;BIDDER2TOTAL;BIDDER3TOTAL;JOBFEDERALID;STATEID;GEOM_SHAPE;GEOM_AREA_SQFT;GEOM_DIMENSIONS;_LET_DT;CATEGORY;USED_FOR_PRICING,761,True,0.3120488718358014
401-000047,matched,ITEM_CODE;DESCRIPTION;QUANTITY;UNIT;UNIT_PRICE;LETTING_DATE;BIDDER;PROJECTID;JOB_SIZE;JOB_DESC;COUNTY;REGION;POS;EXTENSION;BIDDER2NAME;BIDDER3NAME;BIDDER2TOTAL;BIDDER3TOTAL;JOBFEDERALID;STATEID;GEOM_SHAPE;GEOM_AREA_SQFT;GEOM_DIMENSIONS;_LET_DT;CATEGORY;USED_FOR_PRICING,ITEM_CODE;DESCRIPTION;QUANTITY;UNIT;UNIT_PRICE;LETTING_DATE;BIDDER;PROJECTID;JOB_SIZE;JOB_DESC;COUNTY;REGION;POS;EXTENSION;BIDDER2NAME;BIDDER3NAME;BIDDER2TOTAL;BIDDER3TOTAL;JOBFEDERALID;STATEID;GEOM_SHAPE;GEOM_AREA_SQFT;GEOM_DIMENSIONS;_LET_DT;CATEGORY;USED_FOR_PRICING,921,True,0.3142588570658724
406-05521,matched,ITEM_CODE;DESCRIPTION;QUANTITY;UNIT;UNIT_PRICE;LETTING_DATE;BIDDER;PROJECTID;JOB_SIZE;JOB_DESC;COUNTY;REGION;POS;EXTENSION;BIDDER2NAME;BIDDER3NAME;BIDDER2TOTAL;BIDDER3TOTAL;JOBFEDERALID;STATEID;GEOM_SHAPE;GEOM_AREA_SQFT;GEOM_DIMENSIONS;_LET_DT;CATEGORY;USED_FOR_PRICING,ITEM_CODE;DESCRIPTION;QUANTITY;UNIT;UNIT_PRICE;LETTING_DATE;BIDDER;PROJECTID;JOB_SIZE;JOB_DESC;COUNTY;REGION;POS;EXTENSION;BIDDER2NAME;BIDDER3NAME;BIDDER2TOTAL;BIDDER3TOTAL;JOBFEDERALID;STATEID;GEOM_SHAPE;GEOM_AREA_SQFT;GEOM_DIMENSIONS;_LET_DT;CATEGORY;USED_FOR_PRICING,783,True,0.31418436011214657
606-12400,matched,ITEM_CODE;DESCRIPTION;QUANTITY;UNIT;UNIT_PRICE;LETTING_DATE;BIDDER;PROJECTID;JOB_SIZE;JOB_DESC;COUNTY;REGION;POS;EXTENSION;BIDDER2NAME;BIDDER3NAME;BIDDER2TOTAL;BIDDER3TOTAL;JOBFEDERALID;STATEID;GEOM_SHAPE;GEOM_AREA_SQFT;GEOM_DIMENSIONS;_LET_DT;CATEGORY;USED_FOR_PRICING,ITEM_CODE;DESCRIPTION;QUANTITY;UNIT;UNIT_PRICE;LETTING_DATE;BIDDER;PROJECTID;JOB_SIZE;JOB_DESC;COUNTY;REGION;POS;EXTENSION;BIDDER2NAME;BIDDER3NAME;BIDDER2TOTAL;BIDDER3TOTAL;JOBFEDERALID;STATEID;GEOM_SHAPE;GEOM_AREA_SQFT;GEOM_DIMENSIONS;_LET_DT;CATEGORY;USED_FOR_PRICING,596,True,0.3122224329689628
610-07487,matched,ITEM_CODE;DESCRIPTION;QUANTITY;UNIT;UNIT_PRICE;LETTING_DATE;BIDDER;PROJECTID;JOB_SIZE;JOB_DESC;COUNTY;REGION;POS;EXTENSION;BIDDER2NAME;BIDDER3NAME;BIDDER2TOTAL;BIDDER3TOTAL;JOBFEDERALID;STATEID;GEOM_SHAPE;GEOM_AREA_SQFT;GEOM_DIMENSIONS;_LET_DT;CATEGORY;USED_FOR_PRICING,ITEM_CODE;DESCRIPTION;QUANTITY;UNIT;UNIT_PRICE;LETTING_DATE;BIDDER;PROJECTID;JOB_SIZE;JOB_DESC;COUNTY;REGION;POS;EXTENSION;BIDDER2NAME;BIDDER3NAME;BIDDER2TOTAL;BIDDER3TOTAL;JOBFEDERALID;STATEID;GEOM_SHAPE;GEOM_AREA_SQFT;GEOM_DIMENSIONS;_LET_DT;CATEGORY;USED_FOR_PRICING,898,True,0.3125628020577773
615-06505,matched,ITEM_CODE;DESCRIPTION;QUANTITY;UNIT;UNIT_PRICE;LETTING_DATE;BIDDER;PROJECTID;JOB_SIZE;JOB_DESC;COUNTY;REGION;POS;EXTENSION;BIDDER2NAME;BIDDER3NAME;BIDDER2TOTAL;BIDDER3TOTAL;JOBFEDERALID;STATEID;GEOM_SHAPE;GEOM_AREA_SQFT;GEOM_DIMENSIONS;_LET_DT;CATEGORY;USED_FOR_PRICING,ITEM_CODE;DESCRIPTION;QUANTITY;UNIT;UNIT_PRICE;LETTING_DATE;BIDDER;PROJECTID;JOB_SIZE;JOB_DESC;COUNTY;REGION;POS;EXTENSION;BIDDER2NAME;BIDDER3NAME;BIDDER2TOTAL;BIDDER3TOTAL;JOBFEDERALID;STATEID;GEOM_SHAPE;GEOM_AREA_SQFT;GEOM_DIMENSIONS;_LET_DT;CATEGORY;USED_FOR_PRICING,757,True,0.31270150034326366
616-05688,matched,ITEM_CODE;DESCRIPTION;QUANTITY;UNIT;UNIT_PRICE;LETTING_DATE;BIDDER;PROJECTID;JOB_SIZE;JOB_DESC;COUNTY;REGION;POS;EXTENSION;BIDDER2NAME;BIDDER3NAME;BIDDER2TOTAL;BIDDER3TOTAL;JOBFEDERALID;STATEID;GEOM_SHAPE;GEOM_AREA_SQFT;GEOM_DIMENSIONS;_LET_DT;CATEGORY;USED_FOR_PRICING,ITEM_CODE;DESCRIPTION;QUANTITY;UNIT;UNIT_PRICE;LETTING_DATE;BIDDER;PROJECTID;JOB_SIZE;JOB_DESC;COUNTY;REGION;POS;EXTENSION;BIDDER2NAME;BIDDER3NAME;BIDDER2TOTAL;BIDDER3TOTAL;JOBFEDERALID;STATEID;GEOM_SHAPE;GEOM_AREA_SQFT;GEOM_DIMENSIONS;_LET_DT;CATEGORY;USED_FOR_PRICING,571,True,0.3178265286143946
616-12248,matched,ITEM_CODE;DESCRIPTION;QUANTITY;UNIT;UNIT_PRICE;LETTING_DATE;BIDDER;PROJECTID;JOB_SIZE;JOB_DESC;COUNTY;REGION;POS;EXTENSION;BIDDER2NAME;BIDDER3NAME;BIDDER2TOTAL;BIDDER3TOTAL;JOBFEDERALID;STATEID;GEOM_SHAPE;GEOM_AREA_SQFT;GEOM_DIMENSIONS;_LET_DT;CATEGORY;USED_FOR_PRICING,ITEM_CODE;DESCRIPTION;QUANTITY;UNIT;UNIT_PRICE;LETTING_DATE;BIDDER;PROJECTID;JOB_SIZE;JOB_DESC;COUNTY;REGION;POS;EXTENSION;BIDDER2NAME;BIDDER3NAME;BIDDER2TOTAL;BIDDER3TOTAL;JOBFEDERALID;STATEID;GEOM_SHAPE;GEOM_AREA_SQFT;GEOM_DIMENSIONS;_LET_DT;CATEGORY;USED_FOR_PRICING,607,True,0.3148421150868185
616-12249,matched,ITEM_CODE;DESCRIPTION;QUANTITY;UNIT;UNIT_PRICE;LETTING_DATE;BIDDER;PROJECTID;JOB_SIZE;JOB_DESC;COUNTY;REGION;POS;EXTENSION;BIDDER2NAME;BIDDER3NAME;BIDDER2TOTAL;BIDDER3TOTAL;JOBFEDERALID;STATEID;GEOM_SHAPE;GEOM_AREA_SQFT;GEOM_DIMENSIONS;_LET_DT;CATEGORY;USED_FOR_PRICING,ITEM_CODE;DESCRIPTION;QUANTITY;UNIT;UNIT_PRICE;LETTING_DATE;BIDDER;PROJECTID;JOB_SIZE;JOB_DESC;COUNTY;REGION;POS;EXTENSION;BIDDER2NAME;BIDDER3NAME;BIDDER2TOTAL;BIDDER3TOTAL;JOBFEDERALID;STATEID;GEOM_SHAPE;GEOM_AREA_SQFT;GEOM_DIMENSIONS;_LET_DT;CATEGORY;USED_FOR_PRICING,772,True,0.31409303150427825
621-01004,matched,ITEM_CODE;DESCRIPTION;QUANTITY;UNIT;UNIT_PRICE;LETTING_DATE;BIDDER;PROJECTID;JOB_SIZE;JOB_DESC;COUNTY;REGION;POS;EXTENSION;BIDDER2NAME;BIDDER3NAME;BIDDER2TOTAL;BIDDER3TOTAL;JOBFEDERALID;STATEID;GEOM_SHAPE;GEOM_AREA_SQFT;GEOM_DIMENSIONS;_LET_DT;CATEGORY;USED_FOR_PRICING,ITEM_CODE;DESCRIPTION;QUANTITY;UNIT;UNIT_PRICE;LETTING_DATE;BIDDER;PROJECTID;JOB_SIZE;JOB_DESC;COUNTY;REGION;POS;EXTENSION;BIDDER2NAME;BIDDER3NAME;BIDDER2TOTAL;BIDDER3TOTAL;JOBFEDERALID;STATEID;GEOM_SHAPE;GEOM_AREA_SQFT;GEOM_DIMENSIONS;_LET_DT;CATEGORY;USED_FOR_PRICING,818,True,0.31043086519492025
621-06559,matched,ITEM_CODE;DESCRIPTION;QUANTITY;UNIT;UNIT_PRICE;LETTING_DATE;BIDDER;PROJECTID;JOB_SIZE;JOB_DESC;COUNTY;REGION;POS;EXTENSION;BIDDER2NAME;BIDDER3NAME;BIDDER2TOTAL;BIDDER3TOTAL;JOBFEDERALID;STATEID;GEOM_SHAPE;GEOM_AREA_SQFT;GEOM_DIMENSIONS;_LET_DT;CATEGORY;USED_FOR_PRICING,ITEM_CODE;DESCRIPTION;QUANTITY;UNIT;UNIT_PRICE;LETTING_DATE;BIDDER;PROJECTID;JOB_SIZE;JOB_DESC;COUNTY;REGION;POS;EXTENSION;BIDDER2NAME;BIDDER3NAME;BIDDER2TOTAL;BIDDER3TOTAL;JOBFEDERALID;STATEID;GEOM_SHAPE;GEOM_AREA_SQFT;GEOM_DIMENSIONS;_LET_DT;CATEGORY;USED_FOR_PRICING,589,True,0.3163110542766807
621-06574,matched,ITEM_CODE;DESCRIPTION;QUANTITY;UNIT;UNIT_PRICE;LETTING_DATE;BIDDER;PROJECTID;JOB_SIZE;JOB_DESC;COUNTY;REGION;POS;EXTENSION;BIDDER2NAME;BIDDER3NAME;BIDDER2TOTAL;BIDDER3TOTAL;JOBFEDERALID;STATEID;GEOM_SHAPE;GEOM_AREA_SQFT;GEOM_DIMENSIONS;_LET_DT;CATEGORY;USED_FOR_PRICING,ITEM_CODE;DESCRIPTION;QUANTITY;UNIT;UNIT_PRICE;LETTING_DATE;BIDDER;PROJECTID;JOB_SIZE;JOB_DESC;COUNTY;REGION;POS;EXTENSION;BIDDER2NAME;BIDDER3NAME;BIDDER2TOTAL;BIDDER3TOTAL;JOBFEDERALID;STATEID;GEOM_SHAPE;GEOM_AREA_SQFT;GEOM_DIMENSIONS;_LET_DT;CATEGORY;USED_FOR_PRICING,642,True,0.31474536468011016
714-000087,matched,ITEM_CODE;DESCRIPTION;QUANTITY;UNIT;UNIT_PRICE;LETTING_DATE;BIDDER;PROJECTID;JOB_SIZE;JOB_DESC;COUNTY;REGION;POS;EXTENSION;BIDDER2NAME;BIDDER3NAME;BIDDER2TOTAL;BIDDER3TOTAL;JOBFEDERALID;STATEID;GEOM_SHAPE;GEOM_AREA_SQFT;GEOM_DIMENSIONS;_LET_DT;CATEGORY;USED_FOR_PRICING,ITEM_CODE;DESCRIPTION;QUANTITY;UNIT;UNIT_PRICE;LETTING_DATE;BIDDER;PROJECTID;JOB_SIZE;JOB_DESC;COUNTY;REGION;POS;EXTENSION;BIDDER2NAME;BIDDER3NAME;BIDDER2TOTAL;BIDDER3TOTAL;JOBFEDERALID;STATEID;GEOM_SHAPE;GEOM_AREA_SQFT;GEOM_DIMENSIONS;_LET_DT;CATEGORY;USED_FOR_PRICING,69,True,0.2815724332247036
715-05169,matched,ITEM_CODE;DESCRIPTION;QUANTITY;UNIT;UNIT_PRICE;LETTING_DATE;BIDDER;PROJECTID;JOB_SIZE;JOB_DESC;COUNTY;REGION;POS;EXTENSION;BIDDER2NAME;BIDDER3NAME;BIDDER2TOTAL;BIDDER3TOTAL;JOBFEDERALID;STATEID;GEOM_SHAPE;GEOM_AREA_SQFT;GEOM_DIMENSIONS;_LET_DT;CATEGORY;USED_FOR_PRICING,ITEM_CODE;DESCRIPTION;QUANTITY;UNIT;UNIT_PRICE;LETTING_DATE;BIDDER;PROJECTID;JOB_SIZE;JOB_DESC;COUNTY;REGION;POS;EXTENSION;BIDDER2NAME;BIDDER3NAME;BIDDER2TOTAL;BIDDER3TOTAL;JOBFEDERALID;STATEID;GEOM_SHAPE;GEOM_AREA_SQFT;GEOM_DIMENSIONS;_LET_DT;CATEGORY;USED_FOR_PRICING,839,True,0.3126524091324964
801-04308,matched,ITEM_CODE;DESCRIPTION;QUANTITY;UNIT;UNIT_PRICE;LETTING_DATE;BIDDER;PROJECTID;JOB_SIZE;JOB_DESC;COUNTY;REGION;POS;EXTENSION;BIDDER2NAME;BIDDER3NAME;BIDDER2TOTAL;BIDDER3TOTAL;JOBFEDERALID;STATEID;GEOM_SHAPE;GEOM_AREA_SQFT;GEOM_DIMENSIONS;_LET_DT;CATEGORY;USED_FOR_PRICING,ITEM_CODE;DESCRIPTION;QUANTITY;UNIT;UNIT_PRICE;LETTING_DATE;BIDDER;PROJECTID;JOB_SIZE;JOB_DESC;COUNTY;REGION;POS;EXTENSION;BIDDER2NAME;BIDDER3NAME;BIDDER2TOTAL;BIDDER3TOTAL;JOBFEDERALID;STATEID;GEOM_SHAPE;GEOM_AREA_SQFT;GEOM_DIMENSIONS;_LET_DT;CATEGORY;USED_FOR_PRICING,1334,True,0.3144151955788997
801-06625,matched,ITEM_CODE;DESCRIPTION;QUANTITY;UNIT;UNIT_PRICE;LETTING_DATE;BIDDER;PROJECTID;JOB_SIZE;JOB_DESC;COUNTY;REGION;POS;EXTENSION;BIDDER2NAME;BIDDER3NAME;BIDDER2TOTAL;BIDDER3TOTAL;JOBFEDERALID;STATEID;GEOM_SHAPE;GEOM_AREA_SQFT;GEOM_DIMENSIONS;_LET_DT;CATEGORY;USED_FOR_PRICING,ITEM_CODE;DESCRIPTION;QUANTITY;UNIT;UNIT_PRICE;LETTING_DATE;BIDDER;PROJECTID;JOB_SIZE;JOB_DESC;COUNTY;REGION;POS;EXTENSION;BIDDER2NAME;BIDDER3NAME;BIDDER2TOTAL;BIDDER3TOTAL;JOBFEDERALID;STATEID;GEOM_SHAPE;GEOM_AREA_SQFT;GEOM_DIMENSIONS;_LET_DT;CATEGORY;USED_FOR_PRICING,1314,True,0.31298014370633526
801-06640,matched,ITEM_CODE;DESCRIPTION;QUANTITY;UNIT;UNIT_PRICE;LETTING_DATE;BIDDER;PROJECTID;JOB_SIZE;JOB_DESC;COUNTY;REGION;POS;EXTENSION;BIDDER2NAME;BIDDER3NAME;BIDDER2TOTAL;BIDDER3TOTAL;JOBFEDERALID;STATEID;GEOM_SHAPE;GEOM_AREA_SQFT;GEOM_DIMENSIONS;_LET_DT;CATEGORY;USED_FOR_PRICING,ITEM_CODE;DESCRIPTION;QUANTITY;UNIT;UNIT_PRICE;LETTING_DATE;BIDDER;PROJECTID;JOB_SIZE;JOB_DESC;COUNTY;REGION;POS;EXTENSION;BIDDER2NAME;BIDDER3NAME;BIDDER2TOTAL;BIDDER3TOTAL;JOBFEDERALID;STATEID;GEOM_SHAPE;GEOM_AREA_SQFT;GEOM_DIMENSIONS;_LET_DT;CATEGORY;USED_FOR_PRICING,684,True,0.3110637475981189
801-06775,matched,ITEM_CODE;DESCRIPTION;QUANTITY;UNIT;UNIT_PRICE;LETTING_DATE;BIDDER;PROJECTID;JOB_SIZE;JOB_DESC;COUNTY;REGION;POS;EXTENSION;BIDDER2NAME;BIDDER3NAME;BIDDER2TOTAL;BIDDER3TOTAL;JOBFEDERALID;STATEID;GEOM_SHAPE;GEOM_AREA_SQFT;GEOM_DIMENSIONS;_LET_DT;CATEGORY;USED_FOR_PRICING,ITEM_CODE;DESCRIPTION;QUANTITY;UNIT;UNIT_PRICE;LETTING_DATE;BIDDER;PROJECTID;JOB_SIZE;JOB_DESC;COUNTY;REGION;POS;EXTENSION;BIDDER2NAME;BIDDER3NAME;BIDDER2TOTAL;BIDDER3TOTAL;JOBFEDERALID;STATEID;GEOM_SHAPE;GEOM_AREA_SQFT;GEOM_DIMENSIONS;_LET_DT;CATEGORY;USED_FOR_PRICING,1658,True,0.31519756683673245
801-07118,matched,ITEM_CODE;DESCRIPTION;QUANTITY;UNIT;UNIT_PRICE;LETTING_DATE;BIDDER;PROJECTID;JOB_SIZE;JOB_DESC;COUNTY;REGION;POS;EXTENSION;BIDDER2NAME;BIDDER3NAME;BIDDER2TOTAL;BIDDER3TOTAL;JOBFEDERALID;STATEID;GEOM_SHAPE;GEOM_AREA_SQFT;GEOM_DIMENSIONS;_LET_DT;CATEGORY;USED_FOR_PRICING,ITEM_CODE;DESCRIPTION;QUANTITY;UNIT;UNIT_PRICE;LETTING_DATE;BIDDER;PROJECTID;JOB_SIZE;JOB_DESC;COUNTY;REGION;POS;EXTENSION;BIDDER2NAME;BIDDER3NAME;BIDDER2TOTAL;BIDDER3TOTAL;JOBFEDERALID;STATEID;GEOM_SHAPE;GEOM_AREA_SQFT;GEOM_DIMENSIONS;_LET_DT;CATEGORY;USED_FOR_PRICING,852,True,0.3124551253494948
801-07119,matched,ITEM_CODE;DESCRIPTION;QUANTITY;UNIT;UNIT_PRICE;LETTING_DATE;BIDDER;PROJECTID;JOB_SIZE;JOB_DESC;COUNTY;REGION;POS;EXTENSION;BIDDER2NAME;BIDDER3NAME;BIDDER2TOTAL;BIDDER3TOTAL;JOBFEDERALID;STATEID;GEOM_SHAPE;GEOM_AREA_SQFT;GEOM_DIMENSIONS;_LET_DT;CATEGORY;USED_FOR_PRICING,ITEM_CODE;DESCRIPTION;QUANTITY;UNIT;UNIT_PRICE;LETTING_DATE;BIDDER;PROJECTID;JOB_SIZE;JOB_DESC;COUNTY;REGION;POS;EXTENSION;BIDDER2NAME;BIDDER3NAME;BIDDER2TOTAL;BIDDER3TOTAL;JOBFEDERALID;STATEID;GEOM_SHAPE;GEOM_AREA_SQFT;GEOM_DIMENSIONS;_LET_DT;CATEGORY;USED_FOR_PRICING,1049,True,0.31409272288019985
808-12032,matched,ITEM_CODE;DESCRIPTION;QUANTITY;UNIT;UNIT_PRICE;LETTING_DATE;BIDDER;PROJECTID;JOB_SIZE;JOB_DESC;COUNTY;REGION;POS;EXTENSION;BIDDER2NAME;BIDDER3NAME;BIDDER2TOTAL;BIDDER3TOTAL;JOBFEDERALID;STATEID;GEOM_SHAPE;GEOM_AREA_SQFT;GEOM_DIMENSIONS;_LET_DT;CATEGORY;USED_FOR_PRICING,ITEM_CODE;DESCRIPTION;QUANTITY;UNIT;UNIT_PRICE;LETTING_DATE;BIDDER;PROJECTID;JOB_SIZE;JOB_DESC;COUNTY;REGION;POS;EXTENSION;BIDDER2NAME;BIDDER3NAME;BIDDER2TOTAL;BIDDER3TOTAL;JOBFEDERALID;STATEID;GEOM_SHAPE;GEOM_AREA_SQFT;GEOM_DIMENSIONS;_LET_DT;CATEGORY;USED_FOR_PRICING,819,True,0.31397917368063705
808-75043,matched,ITEM_CODE;DESCRIPTION;QUANTITY;UNIT;UNIT_PRICE;LETTING_DATE;BIDDER;PROJECTID;JOB_SIZE;JOB_DESC;COUNTY;REGION;POS;EXTENSION;BIDDER2NAME;BIDDER3NAME;BIDDER2TOTAL;BIDDER3TOTAL;JOBFEDERALID;STATEID;GEOM_SHAPE;GEOM_AREA_SQFT;GEOM_DIMENSIONS;_LET_DT;CATEGORY;USED_FOR_PRICING,ITEM_CODE;DESCRIPTION;QUANTITY;UNIT;UNIT_PRICE;LETTING_DATE;BIDDER;PROJECTID;JOB_SIZE;JOB_DESC;COUNTY;REGION;POS;EXTENSION;BIDDER2NAME;BIDDER3NAME;BIDDER2TOTAL;BIDDER3TOTAL;JOBFEDERALID;STATEID;GEOM_SHAPE;GEOM_AREA_SQFT;GEOM_DIMENSIONS;_LET_DT;CATEGORY;USED_FOR_PRICING,846,True,0.3151519836763962
808-96078,matched,ITEM_CODE;DESCRIPTION;QUANTITY;UNIT;UNIT_PRICE;LETTING_DATE;BIDDER;PROJECTID;JOB_SIZE;JOB_DESC;COUNTY;REGION;POS;EXTENSION;BIDDER2NAME;BIDDER3NAME;BIDDER2TOTAL;BIDDER3TOTAL;JOBFEDERALID;STATEID;GEOM_SHAPE;GEOM_AREA_SQFT;GEOM_DIMENSIONS;_LET_DT;CATEGORY;USED_FOR_PRICING,ITEM_CODE;DESCRIPTION;QUANTITY;UNIT;UNIT_PRICE;LETTING_DATE;BIDDER;PROJECTID;JOB_SIZE;JOB_DESC;COUNTY;REGION;POS;EXTENSION;BIDDER2NAME;BIDDER3NAME;BIDDER2TOTAL;BIDDER3TOTAL;JOBFEDERALID;STATEID;GEOM_SHAPE;GEOM_AREA_SQFT;GEOM_DIMENSIONS;_LET_DT;CATEGORY;USED_FOR_PRICING,380,True,0.31796883845222373
